{
  "project_info": {
    "project_number": "615547147301",
    "project_id": "tickercartapp",
    "storage_bucket": "tickercartapp.appspot.com"
  },
  "client": [
    {
      "client_info": {
        "mobilesdk_app_id": "1:615547147301:android:cb14b0b1982a3877bd9bcc",
        "android_client_info": {
          "package_name": "com.salahhaddara.ticker_cart_app"
        }
      },
      "oauth_client": [],
      "api_key": [
        {
          "current_key": "AIzaSyAHCBXfQw8lXeNjnoHo31N1sOVVFDA5S5o"
        }
      ],
      "services": {
        "appinvite_service": {
          "other_platform_oauth_client": []
        }
      }
    }
  ],
  "configuration_version": "1"
}